{"p1": {"r": [39.99999999999998, 44.14657158156887, 48.2204693622555, 52.22398830419294, 56.159423369514386, 60.02906952035289, 63.8352217188416, 67.58017492711367, 71.2662241073022, 74.89566422154033, 78.47079023196115, 81.99389710069782, 85.46727978988343, 88.89323326165116, 92.2740524781341, 95.61203240146537, 98.90946799377808, 102.16865421720537, 105.39188603388043, 108.5814584059363, 111.73966629550614, 114.86880466472303, 117.97116847572013, 121.04905269063056, 124.1047522715875, 127.14056218072402, 130.1587773801732, 133.16169283206824, 136.1516034985423, 139.13080434172838, 142.1015903237597, 145.06625640676927, 148.02709755289035, 150.98640872425605, 153.9464848829994, 156.90962099125366, 159.87811201115184, 162.8542529048271, 165.84033863441255, 168.8386641620413, 171.85152444984658, 174.88121445996143, 177.93002915451896, 181.00026349565235, 184.09421244549466, 187.21417096617904, 190.36243401983864, 193.54129656860664, 196.753053574616, 200.0], "g": [39.99999999999998, 44.14657158156887, 48.2204693622555, 52.22398830419294, 56.159423369514386, 60.02906952035289, 63.8352217188416, 67.58017492711367, 71.2662241073022, 74.89566422154033, 78.47079023196115, 81.99389710069782, 85.46727978988343, 88.89323326165116, 92.2740524781341, 95.61203240146537, 98.90946799377808, 102.16865421720537, 105.39188603388043, 108.5814584059363, 111.73966629550614, 114.86880466472303, 117.97116847572013, 121.04905269063056, 124.1047522715875, 127.14056218072402, 130.1587773801732, 133.16169283206824, 136.1516034985423, 139.13080434172838, 142.1015903237597, 145.06625640676927, 148.02709755289035, 150.98640872425605, 153.9464848829994, 156.90962099125366, 159.87811201115184, 162.8542529048271, 165.84033863441255, 168.8386641620413, 171.85152444984658, 174.88121445996143, 177.93002915451896, 181.00026349565235, 184.09421244549466, 187.21417096617904, 190.36243401983864, 193.54129656860664, 196.753053574616, 200.0], "b": [39.99999999999998, 44.14657158156887, 48.2204693622555, 52.22398830419294, 56.159423369514386, 60.02906952035289, 63.8352217188416, 67.58017492711367, 71.2662241073022, 74.89566422154033, 78.47079023196115, 81.99389710069782, 85.46727978988343, 88.89323326165116, 92.2740524781341, 95.61203240146537, 98.90946799377808, 102.16865421720537, 105.39188603388043, 108.5814584059363, 111.73966629550614, 114.86880466472303, 117.97116847572013, 121.04905269063056, 124.1047522715875, 127.14056218072402, 130.1587773801732, 133.16169283206824, 136.1516034985423, 139.13080434172838, 142.1015903237597, 145.06625640676927, 148.02709755289035, 150.98640872425605, 153.9464848829994, 156.90962099125366, 159.87811201115184, 162.8542529048271, 165.84033863441255, 168.8386641620413, 171.85152444984658, 174.88121445996143, 177.93002915451896, 181.00026349565235, 184.09421244549466, 187.21417096617904, 190.36243401983864, 193.54129656860664, 196.753053574616, 200.0]}, "p2": {"r": [214.99999999999994, 210.853428418431, 206.77953063774444, 202.77601169580694, 198.8405766304856, 194.97093047964705, 191.1647782811583, 187.41982507288623, 183.7337758926977, 180.1043357784596, 176.52920976803878, 173.00610289930214, 169.53272021011642, 166.10676673834877, 162.72594752186583, 159.38796759853457, 156.09053200622188, 152.83134578279453, 149.6081139661195, 146.41854159406367, 143.2603337044939, 140.13119533527697, 137.0288315242798, 133.95094730936935, 130.89524772841247, 127.85943781927595, 124.84122261982677, 121.8383071679317, 118.84839650145774, 115.86919565827165, 112.89840967624036, 109.93374359323073, 106.97290244710963, 104.01359127574396, 101.05351511700059, 98.0903790087464, 95.12188798884824, 92.14574709517295, 89.1596613655875, 86.1613358379587, 83.14847555015346, 80.11878554003862, 77.0699708454811, 73.99973650434771, 70.90578755450537, 67.78582903382096, 64.63756598016133, 61.4587034313934, 58.24694642538399, 55.0], "g": [214.99999999999994, 210.853428418431, 206.77953063774444, 202.77601169580694, 198.8405766304856, 194.97093047964705, 191.1647782811583, 187.41982507288623, 183.7337758926977, 180.1043357784596, 176.52920976803878, 173.00610289930214, 169.53272021011642, 166.10676673834877, 162.72594752186583, 159.38796759853457, 156.09053200622188, 152.83134578279453, 149.6081139661195, 146.41854159406367, 143.2603337044939, 140.13119533527697, 137.0288315242798, 133.95094730936935, 130.89524772841247, 127.85943781927595, 124.84122261982677, 121.8383071679317, 118.84839650145774, 115.86919565827165, 112.89840967624036, 109.93374359323073, 106.97290244710963, 104.01359127574396, 101.05351511700059, 98.0903790087464, 95.12188798884824, 92.14574709517295, 89.1596613655875, 86.1613358379587, 83.14847555015346, 80.11878554003862, 77.0699708454811, 73.99973650434771, 70.90578755450537, 67.78582903382096, 64.63756598016133, 61.4587034313934, 58.24694642538399, 55.0], "b": [214.99999999999994, 210.853428418431, 206.77953063774444, 202.77601169580694, 198.8405766304856, 194.97093047964705, 191.1647782811583, 187.41982507288623, 183.7337758926977, 180.1043357784596, 176.52920976803878, 173.00610289930214, 169.53272021011642, 166.10676673834877, 162.72594752186583, 159.38796759853457, 156.09053200622188, 152.83134578279453, 149.6081139661195, 146.41854159406367, 143.2603337044939, 140.13119533527697, 137.0288315242798, 133.95094730936935, 130.89524772841247, 127.85943781927595, 124.84122261982677, 121.8383071679317, 118.84839650145774, 115.86919565827165, 112.89840967624036, 109.93374359323073, 106.97290244710963, 104.01359127574396, 101.05351511700059, 98.0903790087464, 95.12188798884824, 92.14574709517295, 89.1596613655875, 86.1613358379587, 83.14847555015346, 80.11878554003862, 77.0699708454811, 73.99973650434771, 70.90578755450537, 67.78582903382096, 64.63756598016133, 61.4587034313934, 58.24694642538399, 55.0]}}